{
  "Card Pertamax Second Kanban to First" : {
    "transaction" : "Card Pertamax Second Kanban to First",
    "sampleCount" : 10,
    "errorCount" : 0,
    "errorPct" : 0.0,
    "meanResTime" : 41.89999999999999,
    "medianResTime" : 39.5,
    "minResTime" : 33.0,
    "maxResTime" : 58.0,
    "pct1ResTime" : 57.8,
    "pct2ResTime" : 58.0,
    "pct3ResTime" : 58.0,
    "throughput" : 0.22467366150666157,
    "receivedKBytesPerSec" : 0.849547282572064,
    "sentKBytesPerSec" : 0.2474920802534319
  },
  "Navigate to comment" : {
    "transaction" : "Navigate to comment",
    "sampleCount" : 10,
    "errorCount" : 0,
    "errorPct" : 0.0,
    "meanResTime" : 32786.100000000006,
    "medianResTime" : 32510.0,
    "minResTime" : 18011.0,
    "maxResTime" : 49859.0,
    "pct1ResTime" : 48934.8,
    "pct2ResTime" : 49859.0,
    "pct3ResTime" : 49859.0,
    "throughput" : 0.0362539516807332,
    "receivedKBytesPerSec" : 131.45261214820073,
    "sentKBytesPerSec" : 0.031226548225006527
  },
  "Notification private Chat" : {
    "transaction" : "Notification private Chat",
    "sampleCount" : 10,
    "errorCount" : 0,
    "errorPct" : 0.0,
    "meanResTime" : 2236.4,
    "medianResTime" : 289.5,
    "minResTime" : 50.0,
    "maxResTime" : 13164.0,
    "pct1ResTime" : 12321.600000000002,
    "pct2ResTime" : 13164.0,
    "pct3ResTime" : 13164.0,
    "throughput" : 0.039414614150634776,
    "receivedKBytesPerSec" : 0.05280557534497641,
    "sentKBytesPerSec" : 0.03629685658598495
  },
  "Members Toggle" : {
    "transaction" : "Members Toggle",
    "sampleCount" : 10,
    "errorCount" : 0,
    "errorPct" : 0.0,
    "meanResTime" : 35.3,
    "medianResTime" : 34.0,
    "minResTime" : 31.0,
    "maxResTime" : 42.0,
    "pct1ResTime" : 41.6,
    "pct2ResTime" : 42.0,
    "pct3ResTime" : 42.0,
    "throughput" : 0.2248959856066569,
    "receivedKBytesPerSec" : 0.8503879455751714,
    "sentKBytesPerSec" : 0.2009568621387608
  },
  "Create Event Schedule" : {
    "transaction" : "Create Event Schedule",
    "sampleCount" : 10,
    "errorCount" : 0,
    "errorPct" : 0.0,
    "meanResTime" : 20741.4,
    "medianResTime" : 18474.5,
    "minResTime" : 12986.0,
    "maxResTime" : 30477.0,
    "pct1ResTime" : 30110.0,
    "pct2ResTime" : 30477.0,
    "pct3ResTime" : 30477.0,
    "throughput" : 0.019685736896189236,
    "receivedKBytesPerSec" : 5.819934318538846,
    "sentKBytesPerSec" : 0.02058928146076042
  },
  "List Kanban From SECOND TO FIRST" : {
    "transaction" : "List Kanban From SECOND TO FIRST",
    "sampleCount" : 10,
    "errorCount" : 0,
    "errorPct" : 0.0,
    "meanResTime" : 48.0,
    "medianResTime" : 41.5,
    "minResTime" : 32.0,
    "maxResTime" : 70.0,
    "pct1ResTime" : 70.0,
    "pct2ResTime" : 70.0,
    "pct3ResTime" : 70.0,
    "throughput" : 0.22486564277843987,
    "receivedKBytesPerSec" : 0.8502732117559759,
    "sentKBytesPerSec" : 0.2477035596231252
  },
  "Delete message" : {
    "transaction" : "Delete message",
    "sampleCount" : 10,
    "errorCount" : 0,
    "errorPct" : 0.0,
    "meanResTime" : 5358.5,
    "medianResTime" : 2578.0,
    "minResTime" : 357.0,
    "maxResTime" : 14193.0,
    "pct1ResTime" : 14073.800000000001,
    "pct2ResTime" : 14193.0,
    "pct3ResTime" : 14193.0,
    "throughput" : 0.08735608085678843,
    "receivedKBytesPerSec" : 0.14141618675419745,
    "sentKBytesPerSec" : 0.07899583093104111
  },
  "Card Guard from FIRST TO SECOND" : {
    "transaction" : "Card Guard from FIRST TO SECOND",
    "sampleCount" : 10,
    "errorCount" : 0,
    "errorPct" : 0.0,
    "meanResTime" : 35.0,
    "medianResTime" : 34.0,
    "minResTime" : 32.0,
    "maxResTime" : 45.0,
    "pct1ResTime" : 44.300000000000004,
    "pct2ResTime" : 45.0,
    "pct3ResTime" : 45.0,
    "throughput" : 0.22479992806402302,
    "receivedKBytesPerSec" : 0.8500247279920871,
    "sentKBytesPerSec" : 0.254217106150526
  },
  "Card Pertamax First Kanban to Second" : {
    "transaction" : "Card Pertamax First Kanban to Second",
    "sampleCount" : 10,
    "errorCount" : 0,
    "errorPct" : 0.0,
    "meanResTime" : 64.2,
    "medianResTime" : 39.5,
    "minResTime" : 33.0,
    "maxResTime" : 184.0,
    "pct1ResTime" : 179.20000000000002,
    "pct2ResTime" : 184.0,
    "pct3ResTime" : 184.0,
    "throughput" : 0.22394911876021767,
    "receivedKBytesPerSec" : 0.8468076053120731,
    "sentKBytesPerSec" : 0.2466939511343023
  },
  "Text message" : {
    "transaction" : "Text message",
    "sampleCount" : 10,
    "errorCount" : 1,
    "errorPct" : 10.0,
    "meanResTime" : 9521.1,
    "medianResTime" : 4171.0,
    "minResTime" : 551.0,
    "maxResTime" : 41447.0,
    "pct1ResTime" : 39112.40000000001,
    "pct2ResTime" : 41447.0,
    "pct3ResTime" : 41447.0,
    "throughput" : 0.08720904881090462,
    "receivedKBytesPerSec" : 0.12495421524937428,
    "sentKBytesPerSec" : 0.08082166730619969
  },
  "Tag Message" : {
    "transaction" : "Tag Message",
    "sampleCount" : 10,
    "errorCount" : 0,
    "errorPct" : 0.0,
    "meanResTime" : 8861.800000000001,
    "medianResTime" : 2940.0,
    "minResTime" : 1431.0,
    "maxResTime" : 39837.0,
    "pct1ResTime" : 37865.00000000001,
    "pct2ResTime" : 39837.0,
    "pct3ResTime" : 39837.0,
    "throughput" : 0.08462384700008461,
    "receivedKBytesPerSec" : 0.17277644230769232,
    "sentKBytesPerSec" : 0.12247318481848185
  },
  "schedule" : {
    "transaction" : "schedule",
    "sampleCount" : 10,
    "errorCount" : 0,
    "errorPct" : 0.0,
    "meanResTime" : 53662.6,
    "medianResTime" : 50227.0,
    "minResTime" : 28982.0,
    "maxResTime" : 74503.0,
    "pct1ResTime" : 73955.2,
    "pct2ResTime" : 74503.0,
    "pct3ResTime" : 74503.0,
    "throughput" : 0.018215931653824433,
    "receivedKBytesPerSec" : 89.48116935180883,
    "sentKBytesPerSec" : 0.01688175697214784
  },
  "Navigate to Private chat" : {
    "transaction" : "Navigate to Private chat",
    "sampleCount" : 10,
    "errorCount" : 0,
    "errorPct" : 0.0,
    "meanResTime" : 5152.5,
    "medianResTime" : 959.5,
    "minResTime" : 92.0,
    "maxResTime" : 24263.0,
    "pct1ResTime" : 23271.9,
    "pct2ResTime" : 24263.0,
    "pct3ResTime" : 24263.0,
    "throughput" : 0.03943544220933121,
    "receivedKBytesPerSec" : 0.7045080132818569,
    "sentKBytesPerSec" : 0.03346621023428596
  },
  "Create List" : {
    "transaction" : "Create List",
    "sampleCount" : 10,
    "errorCount" : 1,
    "errorPct" : 10.0,
    "meanResTime" : 8650.400000000001,
    "medianResTime" : 3076.5,
    "minResTime" : 190.0,
    "maxResTime" : 26151.0,
    "pct1ResTime" : 26068.8,
    "pct2ResTime" : 26151.0,
    "pct3ResTime" : 26151.0,
    "throughput" : 0.22315451218423635,
    "receivedKBytesPerSec" : 0.2036066999352852,
    "sentKBytesPerSec" : 0.20397717129340356
  },
  "Total" : {
    "transaction" : "Total",
    "sampleCount" : 180,
    "errorCount" : 4,
    "errorPct" : 2.2222223,
    "meanResTime" : 11076.633333333333,
    "medianResTime" : 1326.5,
    "minResTime" : 31.0,
    "maxResTime" : 74503.0,
    "pct1ResTime" : 39786.200000000004,
    "pct2ResTime" : 50372.799999999996,
    "pct3ResTime" : 70065.81999999999,
    "throughput" : 0.2971581772977756,
    "receivedKBytesPerSec" : 178.12838688096173,
    "sentKBytesPerSec" : 0.3009629369463365
  },
  "Archieve Schedule event" : {
    "transaction" : "Archieve Schedule event",
    "sampleCount" : 10,
    "errorCount" : 2,
    "errorPct" : 20.0,
    "meanResTime" : 42422.1,
    "medianResTime" : 43407.0,
    "minResTime" : 12170.0,
    "maxResTime" : 61448.0,
    "pct1ResTime" : 61421.0,
    "pct2ResTime" : 61448.0,
    "pct3ResTime" : 61448.0,
    "throughput" : 0.019150191118907367,
    "receivedKBytesPerSec" : 32.47762823805794,
    "sentKBytesPerSec" : 0.020029154969091592
  },
  "List Kanban From FIRST TO SECOND" : {
    "transaction" : "List Kanban From FIRST TO SECOND",
    "sampleCount" : 10,
    "errorCount" : 0,
    "errorPct" : 0.0,
    "meanResTime" : 34.8,
    "medianResTime" : 34.0,